,name,date,rating,review,source,cleansed,normalized_cleansed,normalized_topic,"staff, ramah, pelayanan","lokasi, strategis","toilet, kamar mandi","suasana, tenang",wangi,"kebersihan, bersih",luas kamar,parkir,air,kolam renang,"harga, promo, murah",sarapan,ac
201,EK,14 Des 2019,4.4,"Kmr tdk ada parkir, pdhl ditulis ada. ",Tiket.com,kmr tdk ada parkir pdhl ditulis ada , kmr tdk ada parkir pdhl ditulis ada ,kmr parkir pdhl ditulis,,,,,,,,-1,,,,,
339,Zehnovi D. P.,13 Sep 2020,8.5,"Dapat pindah kamar, fasilitas memuaskan, staf ramah banget.",Traveloka,dapat pindah kamar fasilitas memuaskan staf ramah banget, dapat pindah kamar fasilitas memuaskan staf ramah banget,kamar fasilitas staf ramah,1,,,,,,,,,,,,
98,DW,28 Nov 2020,6,kurang lebih jam 3 malam tv tiba2 nyala sendiri. saya matikan kemudian 1 menit kemudian nyala sendiri. saya pikir remote tv nya rusak. saya cabut batere remote tv. tp ternyata tv nya masih nyala sendiri. kok horor juga kamar nya ya..... akhir nya saya cabut connector listrik nya.  baru ga nyala sendiri. baru kali ini menginap di hotel  tv bisa nyala sendiri,Tiket.com,kurang lebih jam malam tv tiba nyala sendiri saya matikan kemudian menit kemudian nyala sendiri saya pikir remote tv nya rusak saya cabut batere remote tv tp ternyata tv nya masih nyala sendiri kok horor juga kamar nya ya akhir nya saya cabut connector listrik nya baru ga nyala sendiri baru kali ini menginap di hotel tv bisa nyala sendiri, kurang lebih jam malam tv tiba nyala sendiri saya matikan kemudian menit kemudian nyala sendiri saya pikir remote tv nya rusak saya cabut batere remote tv tp ternyata tv nya masih nyala sendiri kok horor juga kamar nya ya akhir nya saya cabut connector listrik nya baru ga nyala sendiri baru kali ini menginap di hotel tv bisa nyala sendiri,jam malam tv nyala matikan menit nyala pikir remote tv rusak cabut batere remote tv tp tv nyala horor kamar cabut connector listrik nyala hotel tv nyala,,,,-1,,,,,,,,,
387,Agus,12 Jan 2021,8.5,"Lumayan oke, tempat yang tenang.",Traveloka,lumayan oke tempat yang tenang, lumayan oke tempat yang tenang,oke tenang,,,,1,,,,,,,,,
178,RR,13 Jan 2021,6.8,"So far lokasi dekat dengan mana pun, staff ramah",Tiket.com,so far lokasi dekat dengan mana pun staff ramah, so far lokasi dekat dengan mana pun staff ramah,far lokasi staff ramah,,1,,,,,,,,,,,
94,Anna Makdalena,03 Jan 2020,4,"Kesan pertama masuk di lobby,hotel ini kusam spt sdh berumur puluhan tahun padahal hotel ini setau saya br di bangun sktr th 2013,namun sayang sekali perawatan yg kurang maksimal membuat hotel ini kusam dan kotor,semua serba berwarna hitam...sampe di toilet kamar spt tdk pernah disikat,lantai kmr mandi licin sekali,tidak pernah disikat,di meja selalu muncul semut2 kecil...saran sy buat management Alron,jika mau going concern hotel ini,lakukan maintenance terhadap hotel dan berikan training bagaimana cara membersihkan ruangan hotel,shg hotel terasa nyaman. Terima kasih.",Tiket.com,kesan pertama masuk di lobbyhotel ini kusam spt sdh berumur puluhan tahun padahal hotel ini setau saya br di bangun sktr th namun sayang sekali perawatan yg kurang maksimal membuat hotel ini kusam dan kotorsemua serba berwarna hitamsampe di toilet kamar spt tdk pernah disikatlantai kmr mandi licin sekalitidak pernah disikatdi meja selalu muncul semut kecilsaran sy buat management alronjika mau going concern hotel inilakukan maintenance terhadap hotel dan berikan training bagaimana cara membersihkan ruangan hotelshg hotel terasa nyaman terima kasih, kesan pertama masuk di lobbyhotel ini kusam spt sdh berumur puluhan tahun padahal hotel ini setau saya br di bangun sktr th namun sayang sekali perawatan yg kurang maksimal membuat hotel ini kusam dan kotorsemua serba berwarna hitamsampe di toilet kamar spt tdk pernah disikatlantai kmr mandi licin sekalitidak pernah disikatdi meja selalu muncul semut kecilsaran sy buat management alronjika mau going concern hotel inilakukan maintenance terhadap hotel dan berikan training bagaimana cara membersihkan ruangan hotelshg hotel terasa nyaman terima kasih,kesan lobbyhotel kusam spt sdh berumur puluhan tahun hotel setau br bangun sktr th perawatan maksimal hotel kusam kotorsemua serba berwarna hitamsampe toilet kamar spt disikatlantai kmr mandi licin sekalitidak disikatdi meja muncul semut kecilsaran sy management alronjika going concern hotel inilakukan maintenance hotel training membersihkan ruangan hotelshg hotel terima kasih,,,,,,-1,,,,,,,
369,rachmad w.,13 Mar 2020,9.3,"Menyenangkan, breakfastnya juga lumayan enak dengan harga yang murah. Cuma staf kurang ramah dan kurang senyum. Paket menu lunch korean noodle rasanya kaya indomie.",Traveloka,menyenangkan breakfastnya juga lumayan enak dengan harga yang murah cuma staf kurang ramah dan kurang senyum paket menu lunch korean noodle rasanya kaya indomie, menyenangkan breakfastnya juga lumayan enak dengan harga yang murah cuma staf kurang ramah dan kurang senyum paket menu lunch korean noodle rasanya kaya indomie,breakfastnya harga murah staf ramah senyum paket menu lunch korean noodle kaya indomie,-1,,,,,,,,,,,1,
95,Aldicho Alfiandy Estu Daniswara,28 Jun 2021,10,"Karyawannya baik dan sabar, Pelayanan dan kamarnya juga bagus terimakasih",Tiket.com,karyawannya baik dan sabar pelayanan dan kamarnya juga bagus terimakasih, karyawannya baik dan sabar pelayanan dan kamarnya juga bagus terimakasih,karyawannya sabar pelayanan kamarnya,1,,,,,,,,,,,,
351,Ni Komang D. M.,11 Jul 2021,6,"Kebersihan hotel kurang, kamar mandi bau, lantai kotor, ada sarang laba-laba. Maklum sih lagi pandemi, tidak ada banyak pegawai, staff nya baik semua.",Traveloka,kebersihan hotel kurang kamar mandi bau lantai kotor ada sarang labalaba maklum sih lagi pandemi tidak ada banyak pegawai staff nya baik semua, kebersihan hotel kurang kamar mandi bau lantai kotor ada sarang labalaba maklum sih lagi pandemi tidak ada banyak pegawai staff nya baik semua,kebersihan hotel kamar mandi bau lantai kotor sarang labalaba maklum pandemi pegawai staff,1,,-1,,-1,-1,,,,,,,
169,RK,23 Jul 2021,4.8,okokokokokokokokokokokokokokokokokokokokokok,Tiket.com,okokokokokokokokokokokokokokokokokokokokokok, okokokokokokokokokokokokokokokokokokokokokok,okokokokokokokokokokokokokokokokokokokokokok,,,,,,,,,,,,,
69,Adhi Yunanto,17 Agt 2020,7.6,bagus.. hotel sepi. lumaya dekat dengan pantai birawa,Tiket.com,bagus hotel sepi lumaya dekat dengan pantai birawa, bagus hotel sepi lumaya dekat dengan pantai birawa,hotel sepi lumaya pantai birawa,,1,,1,,,,,,,,,
305,Ika T.,26 Apr 2021,8.5,Dekat sekali dengan tempat makan dan oleh-oleh. Mantap,Traveloka,dekat sekali dengan tempat makan dan oleholeh mantap, dekat sekali dengan tempat makan dan oleholeh mantap,makan oleholeh,,1,,,,,,,,,,,
48,Chiya Langsau,03 Jul 2021,8,Kamarnya bersih dan nyaman. Dekat banget sama pantai!!!!! Aaaaa kalau ke canggu tidur disini lagi!,Tiket.com,kamarnya bersih dan nyaman dekat banget sama pantai aaaaa kalau ke canggu tidur disini lagi, kamarnya bersih dan nyaman dekat banget sama pantai aaaaa kalau ke canggu tidur disini lagi,kamarnya bersih pantai aaaaa,,1,,,,1,,,,,,,
207,RR,01 Jul 2021,6,hotel krn br 1 bln buka ...jd apa adanya yg diterima  tamu ...,Tiket.com,hotel krn br bln buka jd apa adanya yg diterima tamu , hotel krn br bln buka bs apa adanya yg diterima tamu ,hotel br bln buka diterima tamu,,,,,,,,,,,,,
279,I Made K.,20 Mar 2021,8.5,sangat nyaman dan tidak ada yg ganggu,Traveloka,sangat nyaman dan tidak ada yg ganggu, sangat nyaman dan tidak ada yg ganggu,ganggu,,,,1,,,,,,,,,
227,yahya s.,05 Jul 2021,6.3,"Pemesanan tidak sesuai, sudah pesan di lantai 1 dan ranjang single bed, tapi di pindah ke lantai 3 dan ranjang doubel bed.",Traveloka,pemesanan tidak sesuai sudah pesan di lantai dan ranjang single bed tapi di pindah ke lantai dan ranjang doubel bed, pemesanan tidak sesuai sudah pesan di lantai dan ranjang single bed tapi di pindah ke lantai dan ranjang doubel bed,pemesanan sesuai pesan lantai ranjang single bed lantai ranjang doubel bed,-1,,,,,,,,,,,,
148,Fera Wanti,10 Jun 2021,8,tenang terasa swimming private krn sepi hehe...,Tiket.com,tenang terasa swimming private krn sepi hehe, tenang terasa swimming private krn sepi hehe,tenang swimming private sepi hehe,,,,1,,,,,,1,,,
143,DK,16 Agt 2021,8,okeeeeeeee....terimaaaa kasiiiiihhhhhhh,Tiket.com,okeeeeeeeeterimaaaa kasiiiiihhhhhhh, okeeeeeeeeterimaaaa kasiiiiihhhhhhh,okeeeeeeeeterimaaaa kasiiiiihhhhhhh,,,,,,,,,,,,,
180,sutriyani darmo,18 Jan 2020,3.2,"kamar sempit dengan toilet TUB di dalam nya? WTF! jadi bingung sama review nya yg bagus dari segi mana nya??
lokasi gak bagus, breakfast buffet kisaran 20rb an /porsi, swimming pool selama 3hari nginep belum dibuka jam 8.dan lagi yg katanya staff ramah? hell no! gak satupun staff yg tersenyum waktu service.",Tiket.com,kamar sempit dengan toilet tub di dalam nya wtf jadi bingung sama review nya yg bagus dari segi mana nya lokasi gak bagus breakfast buffet kisaran rb an porsi swimming pool selama hari nginep belum dibuka jam dan lagi yg katanya staff ramah hell no gak satupun staff yg tersenyum waktu service, kamar sempit dengan toilet tub di dalam nya wtf bisa bingung sama review nya yg bagus dari segi mana nya lokasi gak bagus breakfast buffet kisaran rb an porsi swimming pool selama hari nginep belum dibuka jam dan lagi yg katanya staff ramah hell no gak satupun staff yg tersenyum waktu service,kamar sempit toilet tub wtf bingung review segi lokasi breakfast buffet kisaran rb porsi swimming pool dibuka jam staff ramah hell satupun staff tersenyum waktu service,-1,-1,-1,,,,-1,,,-1,,-1,
131,SU,09 Jan 2020,10,memuaskan dengan harga yg murah lokasi dkt pantai ,Tiket.com,memuaskan dengan harga yg murah lokasi dkt pantai , memuaskan dengan harga yg murah lokasi dkt pantai ,harga murah lokasi dkt pantai,,1,,,,,,,,,1,,
357,Hanif,07 Apr 2021,8.5,"Kamar lumayan kecil, tapi ada bathubnya, staff nya baik dan ramah, lumayan recommended.",Traveloka,kamar lumayan kecil tapi ada bathubnya staff nya baik dan ramah lumayan recommended, kamar lumayan kecil tapi ada bathubnya staff nya baik dan ramah lumayan recommended,kamar bathubnya staff ramah recommended,1,,1,,,,-1,,,,,,
398,Harnawan,06 Feb 2020,6,"Toilet bau, AC bermasalah",Traveloka,toilet bau ac bermasalah, toilet bau ac bermasalah,toilet bau ac bermasalah,,,-1,,-1,,,,,,,,-1
262,Mohamad N. H.,24 Jul 2021,9.7,"Sunrise suite tidak pernah mengecewakan. Selalu jadi andalan tempat menginap selama di Bali. Nyaman, bersih, lengkap dan pelayanannya ramah-ramah.",Traveloka,sunrise suite tidak pernah mengecewakan selalu jadi andalan tempat menginap selama di bali nyaman bersih lengkap dan pelayanannya ramahramah, sunrise suite tidak pernah mengecewakan selalu bisa andalan tempat menginap selama di bali nyaman bersih lengkap dan pelayanannya ramahramah,sunrise suite mengecewakan andalan bersih lengkap pelayanannya ramahramah,1,,,,,1,,,,,,,
324,Tijani L. k.,24 May 2021,9.1,"Overall oke nyaman pelayannya juga ramah-ramah banget pas saya check-in dini hari, cuma gorden bagian dalamnya ada bolong- bolongnya. ",Traveloka,overall oke nyaman pelayannya juga ramahramah banget pas saya checkin dini hari cuma gorden bagian dalamnya ada bolong bolongnya , overall oke nyaman pelayannya juga ramahramah banget pas saya checkin dini hari cuma gorden bagian dalamnya ada bolong bolongnya ,oke pelayannya ramahramah checkin gorden dalamnya bolong bolongnya,1,,,,,,,,,,,,
203,MD,14 Feb 2019,10,"Maharani hotel was really amazing!! Our room was ocean view room ! This room view was awesome and beautiful !! Also room condition and room service as well!! When i ate breakfast, staff service also amazing! They are so kind and always take care of us ",Tiket.com,maharani hotel was really amazing our room was ocean view room this room view was awesome and beautiful also room condition and room service as well when i ate breakfast staff service also amazing they are so kind and always take care of us , maharani hotel was really amazing our room was ocean view room this room view was awesome and beautiful also room condition and room service as well when i ate breakfast staff service also amazing they are so kind and always take care of us ,maharani hotel really amazing room ocean view room room view awesome beautiful also room condition room service well ate breakfast staff service also amazing kind always take care us,1,,,,,,,,,,,1,1
84,AD,17 Nov 2020,4.8,"✅ Kamar luas
✅ Kamar mandi kotor dan usang
✅ TV kabel cuman 1 channel
✅ Pas dateng recepsionist sepi jd nunggu lama buat check in
✅ 2 malam nginap pas minta kamar dibersihkan, kata recepsionist ""oke baik"" tp kenyataannya ga dibersihkan sama sekali! 
✅ sepertinya memang ga sedia sarapan",Tiket.com, kamar luas kamar mandi kotor dan usang tv kabel cuman channel pas dateng recepsionist sepi jd nunggu lama buat check in malam nginap pas minta kamar dibersihkan kata recepsionist oke baik tp kenyataannya ga dibersihkan sama sekali sepertinya memang ga sedia sarapan,  kamar luas kamar mandi kotor dan usang tv kabel cuman channel pas dateng recepsionist sepi bs nunggu lama buat check in malam nginap pas minta kamar dibersihkan kata recepsionist oke baik tp kenyataannya ga dibersihkan sama sekali sepertinya memang ga sedia sarapan,kamar luas kamar mandi kotor usang tv kabel cuman channel dateng recepsionist sepi nunggu malam nginap kamar dibersihkan recepsionist oke tp kenyataannya dibersihkan sedia sarapan,-1,,-1,,,,1,,,,,-1,
121,AL,07 Feb 2020,6.8,"Lokasi hotel sangat strategis (dekat dengan bandara, dekat ke tempat2 makan, terdapat tempat parkir terbuka maupun basement). Luas kamar tidak besar kayanya kalau bawa koper besar sempit. Sayangnya pas pertama masuk kamar, tercium bau toilet. Design hotelnya modern, namun lorong terkesan kotor dan gelap di malam hari. Sunblind ada jarak cukup jauh ke jendela, jadi kamarnya kalau pagi-pagi terang banget. Servicenya memuaskan, layanan cepat. Tempat tidur nyaman, TV menyediakan channel tv kabel lengkap. 
Secara keseluruhan, saya akan merekomendasikan hotel ini untuk wisatawan yang ingin holiday with budget, yang ada di hotel hanya untuk tidur, ataupun sebagai hotel transit. ",Tiket.com,lokasi hotel sangat strategis dekat dengan bandara dekat ke tempat makan terdapat tempat parkir terbuka maupun basement luas kamar tidak besar kayanya kalau bawa koper besar sempit sayangnya pas pertama masuk kamar tercium bau toilet design hotelnya modern namun lorong terkesan kotor dan gelap di malam hari sunblind ada jarak cukup jauh ke jendela jadi kamarnya kalau pagipagi terang banget servicenya memuaskan layanan cepat tempat tidur nyaman tv menyediakan channel tv kabel lengkap secara keseluruhan saya akan merekomendasikan hotel ini untuk wisatawan yang ingin holiday with budget yang ada di hotel hanya untuk tidur ataupun sebagai hotel transit , lokasi hotel sangat strategis dekat dengan bandara dekat ke tempat makan terdapat tempat parkir terbuka maupun basement luas kamar tidak besar kayanya kalau bawa koper besar sempit sayangnya pas pertama masuk kamar tercium bau toilet design hotelnya modern namun lorong terkesan kotor dan gelap di malam hari sunblind ada jarak cukup jauh ke jendela bisa kamarnya kalau pagipagi terang banget servicenya memuaskan layanan cepat tempat tidur nyaman tv menyediakan channel tv kabel lengkap secara keseluruhan saya akan merekomendasikan hotel ini untuk wisatawan yang ingin holiday with budget yang ada di hotel hanya untuk tidur ataupun sebagai hotel transit ,lokasi hotel strategis makan parkir terbuka basement luas kamar kayanya bawa koper sempit sayangnya kamar tercium bau toilet design hotelnya modern lorong terkesan kotor gelap malam sunblind jarak jendela kamarnya pagipagi terang servicenya layanan cepat tv menyediakan channel tv kabel lengkap merekomendasikan hotel wisatawan holiday budget hotel hotel transit,1,1,-1,,-1,-1,-1,1,,,1,,
345,Agus M. F. ,22 Mar 2021,8.5,"Nyaman , dekt mau kemana mana , lokasi strategis",Traveloka,nyaman dekt mau kemana mana lokasi strategis, nyaman dekt mau kemana mana lokasi strategis,dekt kemana lokasi strategis,,1,,,,,,,,,,,
366,Teten S.,18 Mar 2020,9.4,"Puas banget, sesuai dengan yang tertera. pelayanan baik.",Traveloka,puas banget sesuai dengan yang tertera pelayanan baik, puas banget sesuai dengan yang tertera pelayanan baik,sesuai tertera pelayanan,1,,,,,,,,,,1,,
91,Alinda Utami,05 Des 2020,10,"Gak bosen tinggal disini pokoknya , sampe extand terus",Tiket.com,gak bosen tinggal disini pokoknya sampe extand terus, gak bosen tinggal disini pokoknya sampe extand terus,bosen tinggal sampe extand,,,,,,,,,,,,,
82,DK,07 Jan 2020,6.8,"Yang di sukai dari hotel ini adalah dekat dengan mall dan gereja
yang tidak disukai:
-sewaktu datang parkir mobil penuh, sehingga parkir di belakang. namun satpamnya tidak bs nyetir mobil sehingga harus nyetir sendiri dalam keadaan macet.
-dikolam renang tidak disediakan handuk. jadi yang renang selalu basah-basahan saat masuk lift.",Tiket.com,yang di sukai dari hotel ini adalah dekat dengan mall dan gereja yang tidak disukai sewaktu datang parkir mobil penuh sehingga parkir di belakang namun satpamnya tidak bs nyetir mobil sehingga harus nyetir sendiri dalam keadaan macet dikolam renang tidak disediakan handuk jadi yang renang selalu basahbasahan saat masuk lift, yang di sukai dari hotel ini adalah dekat dengan mall dan gereja yang tidak disukai sewaktu datang parkir mobil penuh sehingga parkir di belakang namun satpamnya tidak bs nyetir mobil sehingga harus nyetir sendiri dalam keadaan macet dikolam renang tidak disediakan handuk bisa yang renang selalu basahbasahan saat masuk lift,sukai hotel mall gereja disukai parkir mobil penuh parkir satpamnya nyetir mobil nyetir macet dikolam renang disediakan handuk renang basahbasahan lift,,1,,,,,,-1,,-1,,,
267,Arief R.,02 Jul 2021,9.7,"Pelayanan ok, kebersihan ok, fasilitas ok, harga pun ok",Traveloka,pelayanan ok kebersihan ok fasilitas ok harga pun ok, pelayanan ok kebersihan ok fasilitas ok harga pun ok,pelayanan kebersihan fasilitas harga,1,,,,,1,,,,,1,,
119,DH,20 Agt 2020,8,"Overall oke, harga sesuai kualitas.",Tiket.com,overall oke harga sesuai kualitas, overall oke harga sesuai kualitas,oke harga sesuai kualitas,,,,,,,,,,,1,,
291,Donny K. A.,12 Oct 2020,5.1,Kotor dan banyak nyamuk. mungkin karena pandomi jadi tidak ada tenaga kerja yang merawat.,Traveloka,kotor dan banyak nyamuk mungkin karena pandomi jadi tidak ada tenaga kerja yang merawat, kotor dan banyak nyamuk mungkin karena pandomi bisa tidak ada tenaga kerja yang merawat,kotor nyamuk pandomi tenaga merawat,,,,,,-1,,,,,,,
57,Aryani Nurwulandari,03 Jun 2021,8,dekat dengan lokasi proyek saya di ayana... terimakasih,Tiket.com,dekat dengan lokasi proyek saya di ayana terimakasih, dekat dengan lokasi proyek saya di ayana terimakasih,lokasi proyek ayana,,1,,,,,,,,,,,
321,Trifena s.,27 Jun 2021,9.4,Kalau bisa lift nya lebih di bersihkan dan diberikan pewangi ruangan.,Traveloka,kalau bisa lift nya lebih di bersihkan dan diberikan pewangi ruangan, kalau bisa lift nya lebih di bersihkan dan diberikan pewangi ruangan,lift bersihkan pewangi ruangan,,,,,-1,-1,,,,,,,
257,Ni Komang D. M.,01 Aug 2021,6.4,"Minus: 1. Sewaktu check-in  Front office sempat binggung, saya booking 4kamar tp dibilang 2kamar, tolong ya lain kali tolong dicek yang benar, ini membuat kita agak lama menunggu, 2. Request 1 ranjang besar tp diberi double bed, setelah complain, dipindah. 3. Hampir dikenakan charge oleh Front office, karena katanya anak-anak di atas 5 th dihitung, perasaan di kebijakan hotel tidak ditulis, setelah complain akhirnya tidak kena, dan di setiap kamar saya hanya 2 dewasa dan 1 anak-anak kan tidak melebihi. Bulan Juni saya sempat menginap padahal 1 kamar 2 dewasa 1 anak-anak tp tidak kena charge. 4. Air berbayar, 5. Pintu ada suara. Plus. 1. Housekeeping ramah, dan pegawai restoran ramah. 2. Air panasnya mantap. 3. Makanannya murah",Traveloka,minus sewaktu checkin front office sempat binggung saya booking kamar tp dibilang kamar tolong ya lain kali tolong dicek yang benar ini membuat kita agak lama menunggu request ranjang besar tp diberi double bed setelah complain dipindah hampir dikenakan charge oleh front office karena katanya anakanak di atas th dihitung perasaan di kebijakan hotel tidak ditulis setelah complain akhirnya tidak kena dan di setiap kamar saya hanya dewasa dan anakanak kan tidak melebihi bulan juni saya sempat menginap padahal kamar dewasa anakanak tp tidak kena charge air berbayar pintu ada suara plus housekeeping ramah dan pegawai restoran ramah air panasnya mantap makanannya murah, minus sewaktu checkin front office sempat binggung saya booking kamar tp dibilang kamar tolong ya lain kali tolong dicek yang benar ini membuat kita agak lama menunggu request ranjang besar tp diberi double bed setelah complain dipindah hampir dikenakan charge oleh front office karena katanya anakanak di atas th dihitung perasaan di kebijakan hotel tidak ditulis setelah complain akhirnya tidak kena dan di setiap kamar saya hanya dewasa dan anakanak kan tidak melebihi bulan juni saya sempat menginap padahal kamar dewasa anakanak tp tidak kena charge air berbayar pintu ada suara plus housekeeping ramah dan pegawai restoran ramah air panasnya mantap makanannya murah,minus checkin binggung booking kamar tp dibilang kamar dicek menunggu request ranjang tp double bed complain dipindah dikenakan charge anakanak th dihitung perasaan kebijakan hotel ditulis complain kamar dewasa anakanak melebihi juni kamar dewasa anakanak tp charge air berbayar pintu suara plus housekeeping ramah pegawai restoran ramah air panasnya makanannya murah,1,,,,,,,,-1,,,,
355,Hery R.,24 Apr 2021,9.7,"Kamar bersih dan nyaman,pelayanan ramah. ",Traveloka,kamar bersih dan nyamanpelayanan ramah , kamar bersih dan nyamanpelayanan ramah ,kamar bersih nyamanpelayanan ramah,1,,,,,-1,,,,,,,
42,TF,08 Mar 2019,9.2,"Very good location, close to the beach. Staff was very helpful, room were super clean with cool interiors. We got the room with pool access, so that was cool. But one of the doors were hard to open, so could be better. We stayed during Nyepi and tried the dinner, it was so so and overpriced. But overall, great stay. ",Tiket.com,very good location close to the beach staff was very helpful room were super clean with cool interiors we got the room with pool access so that was cool but one of the doors were hard to open so could be better we stayed during nyepi and tried the dinner it was so so and overpriced but overall great stay , very good location close to the beach staff was very helpful room were super clean with cool interiors we got the room with pool access so that was cool but one of the doors were hard to open so could be better we stayed during nyepi and tried the dinner it was so so and overpriced but overall great stay ,location close beach staff helpful room clean cool interiors got room pool access cool one doors hard open could better stayed nyepi tried dinner overpriced great,1,1,,,,1,,,,1,,,
105,AD,25 Sep 2019,8.4,"kamar tidak kedap suara, sehingga suara diluar/lorong terdengar sampai ke kamar. mungkin tidak ditujukan untuk pasangan yg butuh ketenangan.",Tiket.com,kamar tidak kedap suara sehingga suara diluarlorong terdengar sampai ke kamar mungkin tidak ditujukan untuk pasangan yg butuh ketenangan, kamar tidak kedap suara sehingga suara diluarlorong terdengar sampai ke kamar mungkin tidak ditujukan untuk pasangan yg butuh ketenangan,kamar kedap suara suara diluarlorong terdengar kamar pasangan butuh ketenangan,,,,-1,,,,,,,,,
368,Lea P.,14 Mar 2020,6.2,"Pelayanannya baja, staffnya cuek-cuek, kamar bersih.",Traveloka,pelayanannya baja staffnya cuekcuek kamar bersih, pelayanannya baja staffnya cuekcuek kamar bersih,pelayanannya baja staffnya cuekcuek kamar bersih,-1,,,,,1,,,,,,,
273,MICHAEL,13 Jun 2021,5.4,"Saya sering sekali menginap di sana, akan tetapi receptionist pria nya selalu mempersulit saya ketika proses check-in, dan selalu sangat menyebalkan jika pada saat check in dia yang bertugas. Seperti saya kapok untuk stay di sana lagi.",Traveloka,saya sering sekali menginap di sana akan tetapi receptionist pria nya selalu mempersulit saya ketika proses checkin dan selalu sangat menyebalkan jika pada saat check in dia yang bertugas seperti saya kapok untuk stay di sana lagi, saya sering sekali menginap di sana akan tetapi receptionist pria nya selalu mempersulit saya ketika proses checkin dan selalu sangat menyebalkan jika pada saat check in dia yang bertugas seperti saya kapok untuk stay di sana lagi,receptionist pria mempersulit checkin menyebalkan bertugas kapok,-1,,,,,,,,,,,,
353,DEFIORENZ A. S.,12 Jun 2021,6.1,"Hotel nya agak horor, lalu pertama kali masuk lantai kamar sangat kotor jadi hitam-hitam di kaki ",Traveloka,hotel nya agak horor lalu pertama kali masuk lantai kamar sangat kotor jadi hitamhitam di kaki , hotel nya agak horor lalu pertama kali masuk lantai kamar sangat kotor bisa hitamhitam di kaki ,hotel horor lantai kamar kotor hitamhitam,,,,,,-1,,,,,,,
38,Diana Anggraeni,24 Aug 2021,8,"lokasinya strategis di tengah kota, dkt dgn tmpt2 mkn, kamar cukup bersih, luas dan nyaman dgn harga yg sangat kompetitif. 👍",Tiket.com,lokasinya strategis di tengah kota dkt dgn tmpt mkn kamar cukup bersih luas dan nyaman dgn harga yg sangat kompetitif , lokasinya strategis di tengah kota dkt dgn tmpt mkn kamar cukup bersih luas dan nyaman dgn harga yg sangat kompetitif ,lokasinya strategis tengah dkt tmpt mkn kamar bersih luas harga kompetitif,,1,,,,1,1,,,,1,,
53,Rudolf Markus,19 Aug 2021,7.2,"tempatnya bersih, parkir motornya lumayan sempit. dan tidak ada petugas parkir atau security yg membantu ketika mau keluarkan motor yg tertutup motor lainnya.",Tiket.com,tempatnya bersih parkir motornya lumayan sempit dan tidak ada petugas parkir atau security yg membantu ketika mau keluarkan motor yg tertutup motor lainnya, tempatnya bersih parkir motornya lumayan sempit dan tidak ada petugas parkir atau security yg membantu ketika mau keluarkan motor yg tertutup motor lainnya,tempatnya bersih parkir motornya sempit petugas parkir security membantu keluarkan motor tertutup motor,,,,,,1,,-1,,,,,
347,PANAHATAN N. A.,16 Jan 2021,9.7,"Menginap semalam disini. Kamar bersih. Lokasi strategis. Sarapan enak, minta waktu sarapan di lebih cepat (sebelum jam7) dilayani dengan baik.",Traveloka,menginap semalam disini kamar bersih lokasi strategis sarapan enak minta waktu sarapan di lebih cepat sebelum jam dilayani dengan baik, menginap semalam disini kamar bersih lokasi strategis sarapan enak minta waktu sarapan di lebih cepat sebelum jam dilayani dengan baik,semalam kamar bersih lokasi strategis sarapan waktu sarapan cepat jam dilayani,1,1,,,,1,,,,,,1,
128,BD,03 Des 2019,6,"Saya tinggal d kamar 1102
Malem2 ntah hewan apa berlari diatas plafon kamar berisik sekali
Karena jendela kamar menghadap tengah jam 7 ato 8 pagi sangat terganggu sama suara musiknya

Ranjangny masi ada noda

Ya sudahlah murah ga berharap bnyk jg.

",Tiket.com,saya tinggal d kamar malem ntah hewan apa berlari diatas plafon kamar berisik sekali karena jendela kamar menghadap tengah jam ato pagi sangat terganggu sama suara musiknya ranjangny masi ada noda ya sudahlah murah ga berharap bnyk jg , saya tinggal d kamar malem ntah hewan apa berlari diatas plafon kamar berisik sekali karena jendela kamar menghadap tengah jam ato pagi sangat terganggu sama suara musiknya ranjangny masi ada noda ya sudahlah murah ga berharap bnyk jg ,tinggal kamar malem ntah hewan berlari diatas plafon kamar berisik jendela kamar menghadap tengah jam ato pagi terganggu suara musiknya ranjangny masi noda murah berharap bnyk jg,,,,-1,,-1,,,,,,,
290,Raudyannisa R. I.,31 Oct 2020,6.2,Dipindahkan ke hotel sebelahnya hotel baliezO? bilangnya sih masih 1 management.,Traveloka,dipindahkan ke hotel sebelahnya hotel baliezo bilangnya sih masih management, dipindahkan ke hotel sebelahnya hotel baliezo bilangnya sih masih management,dipindahkan hotel sebelahnya hotel baliezo bilangnya management,-1,,,,,,,,,,,,
28,Adelia Adelia,25 Aug 2021,9.6,"Bagus!! Stay 4d3n sama keluarga Staff ramah dan sangat membantu, fasilitas oke, tapi air di kolan kamar 12 memang dingin guys karna ga kena matahari hehhe Jadi better renang di sharing pool aja gede , airnya ga gt dingin",Tiket.com,bagus stay dn sama keluarga staff ramah dan sangat membantu fasilitas oke tapi air di kolan kamar memang dingin guys karna ga kena matahari hehhe jadi better renang di sharing pool aja gede airnya ga gt dingin, bagus stay dn sama keluarga staff ramah dan sangat membantu fasilitas oke tapi air di kolan kamar memang dingin guys karna ga kena matahari hehhe bisa better renang di sharing pool aja gede airnya ga gt dingin,dn keluarga staff ramah membantu fasilitas oke air kolan kamar dingin guys karna matahari hehhe better renang sharing pool gede airnya gt dingin,1,,,,,,,,1,,,,
183,IH,05 Agt 2021,5.2,"Kamar kurang dirawat, kamar mandi terdapat sabun bekas pakai.",Tiket.com,kamar kurang dirawat kamar mandi terdapat sabun bekas pakai, kamar kurang dirawat kamar mandi terdapat sabun bekas pakai,kamar dirawat kamar mandi sabun bekas pakai,,,-1,,,-1,,,,,,,
163,MG,20 Jan 2020,8.8,"Lokasi strategis, harga cocok untuk kantong mahasiswa",Tiket.com,lokasi strategis harga cocok untuk kantong mahasiswa, lokasi strategis harga cocok untuk kantong mahasiswa,lokasi strategis harga cocok kantong mahasiswa,,1,,,,,,,,,1,,
151,Rois Suhandra,29 Nov 2020,4.4,"memang dilihat dari foto hotel ini bagus , tapi....

1. gang masuk hotel super horor karena tidak ada lampu sama sekali. ditambah legian yg dulunya rame sekarang mati . gang masuk bekas ruko2 tapi kosong.
2. kolam renang kotor.... ada yg renang tapi malam dan mereka ga liat kotoranya wakaka
3. kebersihan sangat kurang seperti dibiarkan
4. saya menginap 5 hari kamar tidak pernah dibersihkan, hari ke dua katanya Housekeeping tidak masuk, akirnya saya pindah ke villa....hari trakir balik ke hotel lagi kamar tetap tidak dibersihkan katanya klo mau dibersihkan request dulu. hmmm hotel apa kos kosan ya.
5. kamar sih luas tapi ya gitu....sprei dari awal kotor, handuk bau zampai saya cuci sendiri di hari pertama.",Tiket.com,memang dilihat dari foto hotel ini bagus tapi gang masuk hotel super horor karena tidak ada lampu sama sekali ditambah legian yg dulunya rame sekarang mati gang masuk bekas ruko tapi kosong kolam renang kotor ada yg renang tapi malam dan mereka ga liat kotoranya wakaka kebersihan sangat kurang seperti dibiarkan saya menginap hari kamar tidak pernah dibersihkan hari ke dua katanya housekeeping tidak masuk akirnya saya pindah ke villahari trakir balik ke hotel lagi kamar tetap tidak dibersihkan katanya klo mau dibersihkan request dulu hmmm hotel apa kos kosan ya kamar sih luas tapi ya gitusprei dari awal kotor handuk bau zampai saya cuci sendiri di hari pertama, memang dilihat dari foto hotel ini bagus tapi gang masuk hotel super horor karena tidak ada lampu sama sekali ditambah legian yg dulunya rame sekarang mati gang masuk bekas ruko tapi kosong kolam renang kotor ada yg renang tapi malam dan mereka ga liat kotoranya wakaka kebersihan sangat kurang seperti dibiarkan saya menginap hari kamar tidak pernah dibersihkan hari ke dua katanya housekeeping tidak masuk akirnya saya pindah ke villahari trakir balik ke hotel lagi kamar tetap tidak dibersihkan katanya klo mau dibersihkan request dulu hmmm hotel apa kos kosan ya kamar sih luas tapi ya gitusprei dari awal kotor handuk bau zampai saya cuci sendiri di hari pertama,hotel gang hotel horor lampu ditambah legian dulunya rame mati gang bekas ruko kosong kolam renang kotor renang malam liat kotoranya wakaka kebersihan dibiarkan kamar dibersihkan housekeeping akirnya villahari trakir hotel kamar dibersihkan klo dibersihkan request hmmm hotel kos kosan kamar luas gitusprei kotor handuk bau zampai cuci,,-1,,,,-1,1,,,-1,,,
244,Wenda R.,21 Aug 2021,9.7,"Menyenangkan, karyawannya juga ramah-ramah, tempatnya bersih rapih. Nyaman. Hotelnya Deket sama pantai. Tinggal jalan kaki sedikit sampai. Dengan harga yang murce akan tetapi kualitasnya gak murahan ya. Next bisa pesen lagi di sini.",Traveloka,menyenangkan karyawannya juga ramahramah tempatnya bersih rapih nyaman hotelnya deket sama pantai tinggal jalan kaki sedikit sampai dengan harga yang murce akan tetapi kualitasnya gak murahan ya next bisa pesen lagi di sini, menyenangkan karyawannya juga ramahramah tempatnya bersih rapih nyaman hotelnya deket sama pantai tinggal jalan kaki sedikit sampai dengan harga yang murce akan tetapi kualitasnya gak murahan ya next bisa pesen lagi di sini,karyawannya ramahramah tempatnya bersih rapih hotelnya deket pantai tinggal jalan harga murce kualitasnya murahan next pesen,1,1,,,,-1,,,,,1,,
202,andre sudjongo,29 Sep 2019,10,Luar biasa. Semoga saya beruntung mendapat voucher gratis ,Tiket.com,luar biasa semoga saya beruntung mendapat voucher gratis , luar biasa semoga saya beruntung mendapat voucher gratis ,semoga beruntung voucher gratis,,,,,,,,,,,1,,
31,KJ,19 Mar 2020,7.6,"Fasilitas kamar minim, kamar mandi perlu ditingkatkan ",Tiket.com,fasilitas kamar minim kamar mandi perlu ditingkatkan , fasilitas kamar minim kamar mandi perlu ditingkatkan ,fasilitas kamar minim kamar mandi ditingkatkan,,,-1,,,,,,,,,,
32,NI,13 Jun 2021,10,Nyaman dan ramah bersih,Tiket.com,nyaman dan ramah bersih, nyaman dan ramah bersih,ramah bersih,1,,,,,1,,,,,,,
127,pus haryanto,19 Des 2019,10,Yang paling suka kamarnya.  Dan juga fo.  Enak banget kamar nya dan bersih.  Yg saya nda suka hanya sandal aja yg harus di beli. Sdh sama dengan redplanet hotel dan favehotel.  Padahal dulu nda seperti itu,Tiket.com,yang paling suka kamarnya dan juga fo enak banget kamar nya dan bersih yg saya nda suka hanya sandal aja yg harus di beli sdh sama dengan redplanet hotel dan favehotel padahal dulu nda seperti itu, yang paling suka kamarnya dan juga fo enak banget kamar nya dan bersih yg saya nda suka hanya sandal aja yg harus di beli sdh sama dengan redplanet hotel dan favehotel padahal dulu nda seperti itu,kamarnya fo kamar bersih nda sandal beli sdh redplanet hotel favehotel nda,,,,,,1,,,,,,,
185,B,05 Jul 2021,10,"Staf ramah, 7 malam di sana rasanya menyenangkan. Kalau ke Bali lagi. Saya akan menginap di sini lagi. Tempatnya strategis sekali.",Tiket.com,staf ramah malam di sana rasanya menyenangkan kalau ke bali lagi saya akan menginap di sini lagi tempatnya strategis sekali, staf ramah malam di sana rasanya menyenangkan kalau ke bali lagi saya akan menginap di sini lagi tempatnya strategis sekali,staf ramah malam tempatnya strategis,1,1,,,,,,,,,,,
372,Rintje B.,10 Jul 2021,8.5,"Mungkin karena ppkm ini jadi agak ribet menginap d Choice, karena harus menunjukan sertifikat vaksin dan Tes Antigen. Tapi setelahnya menyenangkan mwngginap di choice.",Traveloka,mungkin karena ppkm ini jadi agak ribet menginap d choice karena harus menunjukan sertifikat vaksin dan tes antigen tapi setelahnya menyenangkan mwngginap di choice, mungkin karena ppkm ini bisa agak ribet menginap d choice karena harus menunjukan sertifikat vaksin dan tes antigen tapi setelahnya menyenangkan mwngginap di choice,ppkm ribet choice menunjukan sertifikat vaksin tes antigen setelahnya mwngginap choice,,,,,,,,,,,,,
288,Ganter,21 Jun 2021,8.5,"Rekomendasi untuk para pekerja luar kota yang stay untuk beberapa waktu, alasan bekerja di luar daerah. Rekomendasi.",Traveloka,rekomendasi untuk para pekerja luar kota yang stay untuk beberapa waktu alasan bekerja di luar daerah rekomendasi, rekomendasi untuk para pekerja luar kota yang stay untuk beberapa waktu alasan bekerja di luar daerah rekomendasi,rekomendasi pekerja waktu alasan daerah rekomendasi,,,,,,,,,,,,,
362,Agnes S.,14 Jun 2021,8.5,"Tempat oke, tp karena pandemic jadi sepi banget. Sedih jadi brasa hotel milik sendiri karena yang nginep cuma ada 6 kamar. Semoga kondisi membaik. ",Traveloka,tempat oke tp karena pandemic jadi sepi banget sedih jadi brasa hotel milik sendiri karena yang nginep cuma ada kamar semoga kondisi membaik , tempat oke tp karena pandemic bisa sepi banget sedih bisa brasa hotel milik sendiri karena yang nginep cuma ada kamar semoga kondisi membaik ,oke tp pandemic sepi sedih brasa hotel milik kamar semoga kondisi membaik,,,,,,,,,,,,,
147,Taryono Aji,11 Jun 2021,10,"lokasinya strategis dekat ke mall, bandara dan bnyk tmpt makan. dkt dgn halte teman bus jadi akses menuju dan dari bandara gampang bangett.",Tiket.com,lokasinya strategis dekat ke mall bandara dan bnyk tmpt makan dkt dgn halte teman bus jadi akses menuju dan dari bandara gampang bangett, lokasinya strategis dekat ke mall bandara dan bnyk tmpt makan dkt dgn halte teman bus bisa akses menuju dan dari bandara gampang bangett,lokasinya strategis mall bnyk tmpt makan dkt halte teman bus akses gampang bangett,,1,,,,,,,,,,,
285,Rostina,06 Jul 2021,8.5,"Lokasi hotel yang sangat strategis dekat dengan pusat perbelanjaan, pegawai hotel yang ramah-ramah",Traveloka,lokasi hotel yang sangat strategis dekat dengan pusat perbelanjaan pegawai hotel yang ramahramah, lokasi hotel yang sangat strategis dekat dengan pusat perbelanjaan pegawai hotel yang ramahramah,lokasi hotel strategis perbelanjaan pegawai hotel ramahramah,1,1,,,,,,,,,,,
177,RP,24 Jan 2021,7.6,"Menginap 2 malam disini,,tpi malam kedua terpaksa pindah kamar karena air mati. Lokasi mantap,,jalan kaki 1 menit ke joger sama nasi pedas bu andika. ke keranjang jga dekeeeet bangeet.",Tiket.com,menginap malam disinitpi malam kedua terpaksa pindah kamar karena air mati lokasi mantapjalan kaki menit ke joger sama nasi pedas bu andika ke keranjang jga dekeeeet bangeet, menginap malam disinitpi malam kedua terpaksa pindah kamar karena air mati lokasi mantapjalan kaki menit ke joger sama nasi pedas bu andika ke keranjang jga dekeeeet bangeet,malam disinitpi malam terpaksa kamar air mati lokasi mantapjalan menit joger nasi pedas bu andika keranjang jga dekeeeet bangeet,,1,,,,,,,-1,,,,
99,IP,11 Okt 2020,8,tempatnya strategis kemana mana deket,Tiket.com,tempatnya strategis kemana mana deket, tempatnya strategis kemana mana deket,tempatnya strategis kemana deket,,1,,,,,,,,,,,
338,Im Kustina T.,16 Sep 2020,5.4,"Hotelnya busuk banget, baru kali ini dapat hotel seburuk ini fasilitasnya, sedih banget.",Traveloka,hotelnya busuk banget baru kali ini dapat hotel seburuk ini fasilitasnya sedih banget, hotelnya busuk banget baru kali ini dapat hotel seburuk ini fasilitasnya sedih banget,hotelnya busuk hotel seburuk fasilitasnya sedih,,,,,-1,,,,,,,,
335,Ambi R. S.,19 Dec 2020,8.5,"Hotel tampak sedang renovasi, tidak ada katel pemanas air. Air hangat di kamar mandi juga tidak ada. Hanya untuk sekedar tidur di malam hari masih oke. tidak untuk staycation.",Traveloka,hotel tampak sedang renovasi tidak ada katel pemanas air air hangat di kamar mandi juga tidak ada hanya untuk sekedar tidur di malam hari masih oke tidak untuk staycation, hotel tampak sedang renovasi tidak ada katel pemanas air air hangat di kamar mandi juga tidak ada hanya untuk sekedar tidur di malam hari masih oke tidak untuk staycation,hotel renovasi katel pemanas air air hangat kamar mandi sekedar malam oke staycation,,,,,,,,,-1,,,,
197,RS,22 Sep 2019,8,"Lumayan bersih, dan harga ga terlalu mahal",Tiket.com,lumayan bersih dan harga ga terlalu mahal, lumayan bersih dan harga ga terlalu mahal,bersih harga mahal,,,,,,1,,,,,1,,
243,Soelyany R.,22 Aug 2021,9.7,"Selalu puas dengan staycation di GrandMas Seminyak. Pertama karena dapat harga Promo dari Traveloka, kedua lokasi hotel strategis banget (ke pantai 5 menit jalan kaki, cari makan, sueprmarket dekat semua), ketiga servis semua tim GrandMas yang konsisten, selalu ramah, helpful dan warm. Ini kali kedua saya staycation di sini. Kebersihan kamar sangat baik. Kali ini kami mencoba Spa nya karena baru buka, dapat promo 20% off, jadi terjangkau banget dan therapist saya nama nya Mbak Surya sangat bagus, well recommended ð. Terima kasih GrandMas dan Traveloka, well recommended sekali. ",Traveloka,selalu puas dengan staycation di grandmas seminyak pertama karena dapat harga promo dari traveloka kedua lokasi hotel strategis banget ke pantai menit jalan kaki cari makan sueprmarket dekat semua ketiga servis semua tim grandmas yang konsisten selalu ramah helpful dan warm ini kali kedua saya staycation di sini kebersihan kamar sangat baik kali ini kami mencoba spa nya karena baru buka dapat promo off jadi terjangkau banget dan therapist saya nama nya mbak surya sangat bagus well recommended terima kasih grandmas dan traveloka well recommended sekali , selalu puas dengan staycation di grandmas seminyak pertama karena dapat harga promo dari traveloka kedua lokasi hotel strategis banget ke pantai menit jalan kaki cari makan sueprmarket dekat semua ketiga servis semua tim grandmas yang konsisten selalu ramah helpful dan warm ini kali kedua saya staycation di sini kebersihan kamar sangat baik kali ini kami mencoba spa nya karena baru buka dapat promo off bisa terjangkau banget dan therapist saya nama nya mbak surya sangat bagus well recommended terima kasih grandmas dan traveloka well recommended sekali ,staycation grandmas seminyak harga promo traveloka lokasi hotel strategis pantai menit jalan makan sueprmarket ketiga servis tim grandmas konsisten ramah helpful warm staycation kebersihan kamar mencoba spa buka promo terjangkau therapist nama mbak surya well recommended terima kasih grandmas traveloka well recommended,1,1,,,,1,,,,,1,,
115,FI,22 Jun 2021,10,tempat'y enak dekat sama mall & bandara 😁😁😁😁,Tiket.com,tempaty enak dekat sama mall bandara , tempaty enak dekat sama mall bandara ,tempaty mall,,1,,,,,,,,,,,
72,Yohana Puji,28 Agt 2020,6,Merasa nyaman menginap di grand Livio dan menu breakfast nya lumayan walau di tengah pandemi walau semuanya serba terbatas. saya sudah 2x menginap di sana dan so far so goodlah. gampang juga aksesnya untuk kemana2.,Tiket.com,merasa nyaman menginap di grand livio dan menu breakfast nya lumayan walau di tengah pandemi walau semuanya serba terbatas saya sudah x menginap di sana dan so far so goodlah gampang juga aksesnya untuk kemana, merasa nyaman menginap di grand livio dan menu breakfast nya lumayan walau di tengah pandemi walau semuanya serba terbatas saya sudah x menginap di sana dan so far so goodlah gampang juga aksesnya untuk kemana,grand livio menu breakfast tengah pandemi serba terbatas far goodlah gampang aksesnya kemana,,1,,,,,,,,,,1,
333,Suwandi,01 Jan 2021,6,"Wifinya tidak ada, kemudian sabun juga sekedar saja ada di kamar mandinya dan sabun cuci tangan, Spreinya kurang bersih bantal dan guling dalamnya kelihatan jadi kelihatan spon lamanya, kurang bersih.",Traveloka,wifinya tidak ada kemudian sabun juga sekedar saja ada di kamar mandinya dan sabun cuci tangan spreinya kurang bersih bantal dan guling dalamnya kelihatan jadi kelihatan spon lamanya kurang bersih, wifinya tidak ada kemudian sabun juga sekedar saja ada di kamar mandinya dan sabun cuci tangan spreinya kurang bersih bantal dan guling dalamnya kelihatan bisa kelihatan spon lamanya kurang bersih,wifinya sabun sekedar kamar mandinya sabun cuci tangan spreinya bersih bantal guling dalamnya spon bersih,,,-1,,,-1,,,,,,,
25,Putu Odika Bayu Pratama,18 May 2021,10,"Exceptional! Pelayanannya ramah dan villa nya juga lumayan bagus untuk daerah Kuta, private pool nya memuaskan!",Tiket.com,exceptional pelayanannya ramah dan villa nya juga lumayan bagus untuk daerah kuta private pool nya memuaskan, exceptional pelayanannya ramah dan villa nya juga lumayan bagus untuk daerah kuta private pool nya memuaskan,exceptional pelayanannya ramah villa daerah private pool,1,,,,,,,,,1,,,
165,MM,08 Jan 2020,4.4,"Tidak sesuai dengan foto - foto yang dipasang, kamar apek, lembab dan gelap (padahal di gambar sanghat terang dan bersih), kaca kamar mandi berkarat dan seluruh ruangan kamar tidak terurus dengan baik. Tidak bisa mempercepat check in (walaupun cuma sejam), seprei dan horden tidak bersih (seprei sudah diganti dan masih kotor, termasuk bantal dan sarungnya yang kotor).",Tiket.com,tidak sesuai dengan foto foto yang dipasang kamar apek lembab dan gelap padahal di gambar sanghat terang dan bersih kaca kamar mandi berkarat dan seluruh ruangan kamar tidak terurus dengan baik tidak bisa mempercepat check in walaupun cuma sejam seprei dan horden tidak bersih seprei sudah diganti dan masih kotor termasuk bantal dan sarungnya yang kotor, tidak sesuai dengan foto foto yang dipasang kamar apek lembab dan gelap padahal di gambar sanghat terang dan bersih kaca kamar mandi berkarat dan seluruh ruangan kamar tidak terurus dengan baik tidak bisa mempercepat check in walaupun cuma sejam seprei dan horden tidak bersih seprei sudah diganti dan masih kotor termasuk bantal dan sarungnya yang kotor,sesuai dipasang kamar apek lembab gelap gambar sanghat terang bersih kaca kamar mandi berkarat ruangan kamar terurus mempercepat sejam seprei horden bersih seprei diganti kotor bantal sarungnya kotor,,,,,-1,-1,,,,,,,
337,Arief S.,12 Dec 2020,4.8,"Air panas tidak fungsi, wastafel rusak, runjang bunyi.",Traveloka,air panas tidak fungsi wastafel rusak runjang bunyi, air panas tidak fungsi wastafel rusak runjang bunyi,air panas fungsi wastafel rusak runjang bunyi,,,,,,,,,-1,,,,
174,NN,22 Mei 2021,8,Suasana nya sangat amat nyaman,Tiket.com,suasana nya sangat amat nyaman, suasana nya sangat amat nyaman,suasana,,,,1,,,,,,,,,
386,Ayu N.,22 Jan 2021,6,"sedikit buruk, cover toilet penuh dengan jamur, amanities bathroom tidak ada, telephone tdk tersedia, lantai kotor, diawal room saya tidak ter setup towel dan coffee tray, dan saya harus ke lobby untuk request, lebih diperbaiki lagi untuk kebersihanya...",Traveloka,sedikit buruk cover toilet penuh dengan jamur amanities bathroom tidak ada telephone tdk tersedia lantai kotor diawal room saya tidak ter setup towel dan coffee tray dan saya harus ke lobby untuk request lebih diperbaiki lagi untuk kebersihanya, sedikit buruk cover toilet penuh dengan jamur amanities bathroom tidak ada telephone tdk tersedia lantai kotor diawal room saya tidak ter setup towel dan coffee tray dan saya harus ke lobby untuk request lebih diperbaiki lagi untuk kebersihanya,cover toilet penuh jamur amanities bathroom telephone tersedia lantai kotor diawal room ter setup towel coffee tray lobby request diperbaiki kebersihanya,,,-1,,,-1,,,,,,,
39,Amanda SeptheranyF,14 Aug 2021,10,"good place, swimming pool is good",Tiket.com,good place swimming pool is good, good place swimming pool is good,place swimming pool,,,,,,,,,,1,,,
193,D,19 Mei 2021,8,okee lah....... gooooddd,Tiket.com,okee lah gooooddd, okee lah gooooddd,okee gooooddd,,,,,,,,,,,,,
314,tiwitogala,23 Th03 2020,10,"Karyawannya baik dan ramah. Kamarnya bagus dan bersih, breakfastnya enak-enak, menyenangkan sekali.",Traveloka,karyawannya baik dan ramah kamarnya bagus dan bersih breakfastnya enakenak menyenangkan sekali, karyawannya baik dan ramah kamarnya bagus dan bersih breakfastnya enakenak menyenangkan sekali,karyawannya ramah kamarnya bersih breakfastnya enakenak,1,,,,,1,,,,,,1,
88,Ahmad Anggi Hasibuan,01 Okt 2019,9.6,"pihak hotel begitu telaten membantu saya dalam menyewakan motor, pindah kamar ataupun isu lainnya. lokasi menjadi keunggulan utama. Saya tinggal jalan kaki dari bandara",Tiket.com,pihak hotel begitu telaten membantu saya dalam menyewakan motor pindah kamar ataupun isu lainnya lokasi menjadi keunggulan utama saya tinggal jalan kaki dari bandara, pihak hotel begitu telaten membantu saya dalam menyewakan motor pindah kamar ataupun isu lainnya lokasi menjadi keunggulan utama saya tinggal jalan kaki dari bandara,hotel telaten membantu menyewakan motor kamar isu lokasi keunggulan utama tinggal jalan,1,1,,,,,,,,,,,
70,Muhammad Adriyansyah,30 Apr 2021,10,"The rooms were clean, very comfortable, and the staff was amazing. They went over and beyond to help make our stay enjoyable. I highly recommend this hotel for anyone visiting downtown
kuta beach are reachble also there is street food across the hotel ( satay, indomie, kfc, burgerking, also nasi goreng)
pool are open 24 Hours also clean",Tiket.com,the rooms were clean very comfortable and the staff was amazing they went over and beyond to help make our stay enjoyable i highly recommend this hotel for anyone visiting downtown kuta beach are reachble also there is street food across the hotel satay indomie kfc burgerking also nasi goreng pool are open hours also clean, the rooms were clean very comfortable and the staff was amazing they went over and beyond to help make our stay enjoyable i highly recommend this hotel for anyone visiting downtown kuta beach are reachble also there is street food across the hotel satay indomie kfc burgerking also nasi goreng pool are open hours also clean,rooms clean comfortable staff amazing went beyond help make enjoyable highly recommend hotel anyone visiting downtown beach reachble also street food across hotel satay indomie kfc burgerking also nasi goreng pool open hours also clean,1,1,,,,1,,,,1,,,
87,WN,18 Okt 2019,8.8,"Ketidak konsistenan reception ketika mau ambil kunci kmr:
Reception 1 : membolehkan kami tanpa ada syarat
Reception 2 : kami blh menambah kunci menjadi 2 kunci kmr asal deposit terlbh dahulu
Jd bnr2 ga konsisten antara staf 1 dan 2 😁",Tiket.com,ketidak konsistenan reception ketika mau ambil kunci kmr reception membolehkan kami tanpa ada syarat reception kami blh menambah kunci menjadi kunci kmr asal deposit terlbh dahulu jd bnr ga konsisten antara staf dan , ketidak konsistenan reception ketika mau ambil kunci kmr reception membolehkan kami tanpa ada syarat reception kami blh menambah kunci menjadi kunci kmr asal deposit terlbh dahulu bs bnr ga konsisten antara staf dan ,ketidak konsistenan reception ambil kunci kmr reception membolehkan syarat reception blh menambah kunci kunci kmr deposit terlbh bnr konsisten staf,-1,,,,,,,,,,,,
292,I Made B. A.,25 Sep 2020,8.5,Hotel berkelas dengan pelayanan yang ramah.,Traveloka,hotel berkelas dengan pelayanan yang ramah, hotel berkelas dengan pelayanan yang ramah,hotel berkelas pelayanan ramah,1,,,,,,,,,,,,
242,Ali S.,23 Aug 2021,8.5,"Tempat nya bersih, Nyaman dan Crew nya ramah ramah. Mantabs.",Traveloka,tempat nya bersih nyaman dan crew nya ramah ramah mantabs, tempat nya bersih nyaman dan crew nya ramah ramah mantabs,bersih crew ramah ramah mantabs,1,,,,,1,,,,,,,
277,Made T. H.,18 Apr 2021,9.7,"Kamar luas ,bersih, rapi nyaman. Sesuai dengan gambar di aplikasi. Staff dan security ramah dan sopan, terimakasi buat pak Sudiarta dan pak Andi, sudah membantu proses check in jadi lebih mudah dan cepatðð».",Traveloka,kamar luas bersih rapi nyaman sesuai dengan gambar di aplikasi staff dan security ramah dan sopan terimakasi buat pak sudiarta dan pak andi sudah membantu proses check in jadi lebih mudah dan cepat, kamar luas bersih rapi nyaman sesuai dengan gambar di aplikasi staff dan security ramah dan sopan terimakasi buat pak sudiarta dan pak andi sudah membantu proses check in bisa lebih mudah dan cepat,kamar luas bersih rapi sesuai gambar aplikasi staff security ramah sopan terimakasi sudiarta andi membantu mudah cepat,1,,,,,1,1,,,,,,
211,Agung S. ,04 Th08 2021,9.4,"Kamarnya bersih dan rapi, sehingga memberikan kemyamanan saat beristirahat.",Traveloka,kamarnya bersih dan rapi sehingga memberikan kemyamanan saat beristirahat, kamarnya bersih dan rapi sehingga memberikan kemyamanan saat beristirahat,kamarnya bersih rapi kemyamanan beristirahat,,,,,,1,,,,,,,
9,KS,20 Aug 2021,10,"Keren,Seru jg inap disini,harganya lagi promo permalam tidak sampai 100K namun semua fasilitas tak kalah dengan bintang 3 lainnya.air panas di kamar mandinya juga ok tdk pernah error.Awalnya tidak yakin mau inap disini krn harganya murah dan sy pikir hanya tarif transit saja,wah ternyata menyenangkan semuanya ok dan sy extend total 5 hari..terima kasih Solaris,terima kasih tiket.com",Tiket.com,kerenseru jg inap disiniharganya lagi promo permalam tidak sampai k namun semua fasilitas tak kalah dengan bintang lainnyaair panas di kamar mandinya juga ok tdk pernah errorawalnya tidak yakin mau inap disini krn harganya murah dan sy pikir hanya tarif transit sajawah ternyata menyenangkan semuanya ok dan sy extend total hariterima kasih solaristerima kasih tiketcom, kerenseru jg inap disiniharganya lagi promo permalam tidak sampai k namun semua fasilitas tak kalah dengan bintang lainnyaair panas di kamar mandinya juga ok tdk pernah errorawalnya tidak yakin mau inap disini krn harganya murah dan sy pikir hanya tarif transit sajawah ternyata menyenangkan semuanya ok dan sy extend total hariterima kasih solaristerima kasih tiketcom,kerenseru jg inap disiniharganya promo permalam fasilitas kalah bintang lainnyaair panas kamar mandinya errorawalnya inap harganya murah sy pikir tarif transit sajawah sy extend total hariterima kasih solaristerima kasih tiketcom,,,,,,,,,1,,1,,
359,David L.,15 Feb 2021,9.7,"Saya tidak mau banyak komentar, yang jelas klo saya ke bali pasti menginap disini.. Karena semua karyawan/karyawati nya sopan dan sangat bersahabat. Apalagi sama bapak security yg saya lupa nama nya itu tanpa sengaja ketahuan saya lg mencuci mobil saya di parkiran dan dgn ikhlas bapak itu menjawab cuma mencari keringat saja sambil cuci mobil.. Luar biasa pak ð.. Utk kamar dan fasilitas lain nya tidak ada minus deh(bersih). Jangan ragu utk menginap di rivavi hotel ini. Dari tahun kemarin saya selalu menginap disini. Thanks rivavi hotel.",Traveloka,saya tidak mau banyak komentar yang jelas klo saya ke bali pasti menginap disini karena semua karyawankaryawati nya sopan dan sangat bersahabat apalagi sama bapak security yg saya lupa nama nya itu tanpa sengaja ketahuan saya lg mencuci mobil saya di parkiran dan dgn ikhlas bapak itu menjawab cuma mencari keringat saja sambil cuci mobil luar biasa pak utk kamar dan fasilitas lain nya tidak ada minus dehbersih jangan ragu utk menginap di rivavi hotel ini dari tahun kemarin saya selalu menginap disini thanks rivavi hotel, saya tidak mau banyak komentar yang jelas klo saya ke bali pasti menginap disini karena semua karyawankaryawati nya sopan dan sangat bersahabat apalagi sama bapak security yg saya lupa nama nya itu tanpa sengaja ketahuan saya lg mencuci mobil saya di parkiran dan dgn ikhlas bapak itu menjawab cuma mencari keringat saja sambil cuci mobil luar biasa pak utk kamar dan fasilitas lain nya tidak ada minus dehbersih jangan ragu utk menginap di rivavi hotel ini dari tahun kemarin saya selalu menginap disini thanks rivavi hotel,komentar klo karyawankaryawati sopan security lupa nama sengaja ketahuan lg mencuci mobil parkiran ikhlas mencari keringat cuci mobil kamar fasilitas minus dehbersih ragu rivavi hotel tahun kemarin thanks rivavi hotel,1,,,,,1,,,,,,,
195,Fajar Syuhadak,24 Feb 2020,10,Top banged dah,Tiket.com,top banged dah, top banged dah,top banged dah,,,,,,,,,,,,,
251,irin n.,22 Aug 2021,8.5,"Sudah yang ke 4-5 x nya menginap di sini, selalu puas, makanan super enak, kamar super bersih, pelayanana jangan diragukan, super duper ramah, selalu jadi recommended buat datang and datang lagi ðð",Traveloka,sudah yang ke x nya menginap di sini selalu puas makanan super enak kamar super bersih pelayanana jangan diragukan super duper ramah selalu jadi recommended buat datang and datang lagi , sudah yang ke x nya menginap di sini selalu puas makanan super enak kamar super bersih pelayanana jangan diragukan super duper ramah selalu bisa recommended buat datang and datang lagi ,makanan kamar bersih pelayanana diragukan duper ramah recommended,1,,,,,1,,,,,,1,
323,ni putu e. s.,27 May 2021,5.7,"Channel tv pada rusak entah tv atau antena kurang bagus, amenties di kamar kurang lengkap (tisu sisa dikit di disply, sampo sisa dikit), dinding banyak mau keropos, tidak ada kulkas, kaca kamar mandi banyak karatan. Tidak bisa reschedule kalo reschedule kena biaya tambahan 50k (so bad) hal yang bagus adalah kasur besar dan AC dingin serta harga makanan murah.",Traveloka,channel tv pada rusak entah tv atau antena kurang bagus amenties di kamar kurang lengkap tisu sisa dikit di disply sampo sisa dikit dinding banyak mau keropos tidak ada kulkas kaca kamar mandi banyak karatan tidak bisa reschedule kalo reschedule kena biaya tambahan k so bad hal yang bagus adalah kasur besar dan ac dingin serta harga makanan murah, channel tv pada rusak entah tv atau antena kurang bagus amenties di kamar kurang lengkap tisu sisa dikit di disply sampo sisa dikit dinding banyak mau keropos tidak ada kulkas kaca kamar mandi banyak karatan tidak bisa reschedule kalo reschedule kena biaya tambahan k so bad hal yang bagus adalah kasur besar dan ac dingin serta harga makanan murah,channel tv rusak tv antena amenties kamar lengkap tisu sisa dikit disply sampo sisa dikit dinding keropos kulkas kaca kamar mandi karatan reschedule kalo reschedule biaya tambahan bad kasur ac dingin harga makanan murah,,,,,,-1,,,,,,,1
192,Anonymous,14 Jan 2018,5.2,"Untuk pemesanan tempat sukar d cari
Dari pihak tiket com tidak memberikan nomor Phone hotel",Tiket.com,untuk pemesanan tempat sukar d cari dari pihak tiket com tidak memberikan nomor phone hotel, untuk pemesanan tempat sukar d cari dari pihak tiket com tidak memberikan nomor phone hotel,pemesanan sukar tiket com nomor phone hotel,,,,,,,,,,,,,
117,yusrina amalia,17 Okt 2020,10,"mantapp, pelayanan sangat memuaskaaaan",Tiket.com,mantapp pelayanan sangat memuaskaaaan, mantapp pelayanan sangat memuaskaaaan,mantapp pelayanan memuaskaaaan,1,,,,,,,,,,,,
47,JV,13 Jul 2021,6,"lokasi strategis, tidak menyediakan minum di kamar",Tiket.com,lokasi strategis tidak menyediakan minum di kamar, lokasi strategis tidak menyediakan minum di kamar,lokasi strategis menyediakan minum kamar,,1,,,,,,,-1,,,,
172,YS,14 Jul 2021,10,Pegawainya sangat ramah kamarnya harum rapi bersih pelayanannya cepat,Tiket.com,pegawainya sangat ramah kamarnya harum rapi bersih pelayanannya cepat, pegawainya sangat ramah kamarnya harum rapi bersih pelayanannya cepat,pegawainya ramah kamarnya harum rapi bersih pelayanannya cepat,1,,,,1,1,,,,,,,
351,Ni Komang D. M.,11 Jul 2021,6,"Kebersihan hotel kurang, kamar mandi bau, lantai kotor, ada sarang laba-laba. Maklum sih lagi pandemi, tidak ada banyak pegawai, staff nya baik semua.",Traveloka,kebersihan hotel kurang kamar mandi bau lantai kotor ada sarang labalaba maklum sih lagi pandemi tidak ada banyak pegawai staff nya baik semua, kebersihan hotel kurang kamar mandi bau lantai kotor ada sarang labalaba maklum sih lagi pandemi tidak ada banyak pegawai staff nya baik semua,kebersihan hotel kamar mandi bau lantai kotor sarang labalaba maklum pandemi pegawai staff,1,,-1,,-1,-1,,,,,,,
180,sutriyani darmo,18 Jan 2020,3.2,"kamar sempit dengan toilet TUB di dalam nya? WTF! jadi bingung sama review nya yg bagus dari segi mana nya??
lokasi gak bagus, breakfast buffet kisaran 20rb an /porsi, swimming pool selama 3hari nginep belum dibuka jam 8.dan lagi yg katanya staff ramah? hell no! gak satupun staff yg tersenyum waktu service.",Tiket.com,kamar sempit dengan toilet tub di dalam nya wtf jadi bingung sama review nya yg bagus dari segi mana nya lokasi gak bagus breakfast buffet kisaran rb an porsi swimming pool selama hari nginep belum dibuka jam dan lagi yg katanya staff ramah hell no gak satupun staff yg tersenyum waktu service, kamar sempit dengan toilet tub di dalam nya wtf bisa bingung sama review nya yg bagus dari segi mana nya lokasi gak bagus breakfast buffet kisaran rb an porsi swimming pool selama hari nginep belum dibuka jam dan lagi yg katanya staff ramah hell no gak satupun staff yg tersenyum waktu service,kamar sempit toilet tub wtf bingung review segi lokasi breakfast buffet kisaran rb porsi swimming pool dibuka jam staff ramah hell satupun staff tersenyum waktu service,-1,-1,-1,,,,-1,,,-1,,-1,
398,Harnawan,06 Feb 2020,6,"Toilet bau, AC bermasalah",Traveloka,toilet bau ac bermasalah, toilet bau ac bermasalah,toilet bau ac bermasalah,,,-1,,-1,,,,,,,,-1
84,AD,17 Nov 2020,4.8,"✅ Kamar luas
✅ Kamar mandi kotor dan usang
✅ TV kabel cuman 1 channel
✅ Pas dateng recepsionist sepi jd nunggu lama buat check in
✅ 2 malam nginap pas minta kamar dibersihkan, kata recepsionist ""oke baik"" tp kenyataannya ga dibersihkan sama sekali! 
✅ sepertinya memang ga sedia sarapan",Tiket.com, kamar luas kamar mandi kotor dan usang tv kabel cuman channel pas dateng recepsionist sepi jd nunggu lama buat check in malam nginap pas minta kamar dibersihkan kata recepsionist oke baik tp kenyataannya ga dibersihkan sama sekali sepertinya memang ga sedia sarapan,  kamar luas kamar mandi kotor dan usang tv kabel cuman channel pas dateng recepsionist sepi bs nunggu lama buat check in malam nginap pas minta kamar dibersihkan kata recepsionist oke baik tp kenyataannya ga dibersihkan sama sekali sepertinya memang ga sedia sarapan,kamar luas kamar mandi kotor usang tv kabel cuman channel dateng recepsionist sepi nunggu malam nginap kamar dibersihkan recepsionist oke tp kenyataannya dibersihkan sedia sarapan,-1,,-1,,,,1,,,,,-1,
121,AL,07 Feb 2020,6.8,"Lokasi hotel sangat strategis (dekat dengan bandara, dekat ke tempat2 makan, terdapat tempat parkir terbuka maupun basement). Luas kamar tidak besar kayanya kalau bawa koper besar sempit. Sayangnya pas pertama masuk kamar, tercium bau toilet. Design hotelnya modern, namun lorong terkesan kotor dan gelap di malam hari. Sunblind ada jarak cukup jauh ke jendela, jadi kamarnya kalau pagi-pagi terang banget. Servicenya memuaskan, layanan cepat. Tempat tidur nyaman, TV menyediakan channel tv kabel lengkap. 
Secara keseluruhan, saya akan merekomendasikan hotel ini untuk wisatawan yang ingin holiday with budget, yang ada di hotel hanya untuk tidur, ataupun sebagai hotel transit. ",Tiket.com,lokasi hotel sangat strategis dekat dengan bandara dekat ke tempat makan terdapat tempat parkir terbuka maupun basement luas kamar tidak besar kayanya kalau bawa koper besar sempit sayangnya pas pertama masuk kamar tercium bau toilet design hotelnya modern namun lorong terkesan kotor dan gelap di malam hari sunblind ada jarak cukup jauh ke jendela jadi kamarnya kalau pagipagi terang banget servicenya memuaskan layanan cepat tempat tidur nyaman tv menyediakan channel tv kabel lengkap secara keseluruhan saya akan merekomendasikan hotel ini untuk wisatawan yang ingin holiday with budget yang ada di hotel hanya untuk tidur ataupun sebagai hotel transit , lokasi hotel sangat strategis dekat dengan bandara dekat ke tempat makan terdapat tempat parkir terbuka maupun basement luas kamar tidak besar kayanya kalau bawa koper besar sempit sayangnya pas pertama masuk kamar tercium bau toilet design hotelnya modern namun lorong terkesan kotor dan gelap di malam hari sunblind ada jarak cukup jauh ke jendela bisa kamarnya kalau pagipagi terang banget servicenya memuaskan layanan cepat tempat tidur nyaman tv menyediakan channel tv kabel lengkap secara keseluruhan saya akan merekomendasikan hotel ini untuk wisatawan yang ingin holiday with budget yang ada di hotel hanya untuk tidur ataupun sebagai hotel transit ,lokasi hotel strategis makan parkir terbuka basement luas kamar kayanya bawa koper sempit sayangnya kamar tercium bau toilet design hotelnya modern lorong terkesan kotor gelap malam sunblind jarak jendela kamarnya pagipagi terang servicenya layanan cepat tv menyediakan channel tv kabel lengkap merekomendasikan hotel wisatawan holiday budget hotel hotel transit,1,1,-1,,-1,-1,-1,1,,,1,,
82,DK,07 Jan 2020,6.8,"Yang di sukai dari hotel ini adalah dekat dengan mall dan gereja
yang tidak disukai:
-sewaktu datang parkir mobil penuh, sehingga parkir di belakang. namun satpamnya tidak bs nyetir mobil sehingga harus nyetir sendiri dalam keadaan macet.
-dikolam renang tidak disediakan handuk. jadi yang renang selalu basah-basahan saat masuk lift.",Tiket.com,yang di sukai dari hotel ini adalah dekat dengan mall dan gereja yang tidak disukai sewaktu datang parkir mobil penuh sehingga parkir di belakang namun satpamnya tidak bs nyetir mobil sehingga harus nyetir sendiri dalam keadaan macet dikolam renang tidak disediakan handuk jadi yang renang selalu basahbasahan saat masuk lift, yang di sukai dari hotel ini adalah dekat dengan mall dan gereja yang tidak disukai sewaktu datang parkir mobil penuh sehingga parkir di belakang namun satpamnya tidak bs nyetir mobil sehingga harus nyetir sendiri dalam keadaan macet dikolam renang tidak disediakan handuk bisa yang renang selalu basahbasahan saat masuk lift,sukai hotel mall gereja disukai parkir mobil penuh parkir satpamnya nyetir mobil nyetir macet dikolam renang disediakan handuk renang basahbasahan lift,,1,,,,,,-1,,-1,,,
291,Donny K. A.,12 Oct 2020,5.1,Kotor dan banyak nyamuk. mungkin karena pandomi jadi tidak ada tenaga kerja yang merawat.,Traveloka,kotor dan banyak nyamuk mungkin karena pandomi jadi tidak ada tenaga kerja yang merawat, kotor dan banyak nyamuk mungkin karena pandomi bisa tidak ada tenaga kerja yang merawat,kotor nyamuk pandomi tenaga merawat,,,,,,-1,,,,,,,
321,Trifena s.,27 Jun 2021,9.4,Kalau bisa lift nya lebih di bersihkan dan diberikan pewangi ruangan.,Traveloka,kalau bisa lift nya lebih di bersihkan dan diberikan pewangi ruangan, kalau bisa lift nya lebih di bersihkan dan diberikan pewangi ruangan,lift bersihkan pewangi ruangan,,,,,-1,-1,,,,,,,
105,AD,25 Sep 2019,8.4,"kamar tidak kedap suara, sehingga suara diluar/lorong terdengar sampai ke kamar. mungkin tidak ditujukan untuk pasangan yg butuh ketenangan.",Tiket.com,kamar tidak kedap suara sehingga suara diluarlorong terdengar sampai ke kamar mungkin tidak ditujukan untuk pasangan yg butuh ketenangan, kamar tidak kedap suara sehingga suara diluarlorong terdengar sampai ke kamar mungkin tidak ditujukan untuk pasangan yg butuh ketenangan,kamar kedap suara suara diluarlorong terdengar kamar pasangan butuh ketenangan,,,,-1,,,,,,,,,
273,MICHAEL,13 Jun 2021,5.4,"Saya sering sekali menginap di sana, akan tetapi receptionist pria nya selalu mempersulit saya ketika proses check-in, dan selalu sangat menyebalkan jika pada saat check in dia yang bertugas. Seperti saya kapok untuk stay di sana lagi.",Traveloka,saya sering sekali menginap di sana akan tetapi receptionist pria nya selalu mempersulit saya ketika proses checkin dan selalu sangat menyebalkan jika pada saat check in dia yang bertugas seperti saya kapok untuk stay di sana lagi, saya sering sekali menginap di sana akan tetapi receptionist pria nya selalu mempersulit saya ketika proses checkin dan selalu sangat menyebalkan jika pada saat check in dia yang bertugas seperti saya kapok untuk stay di sana lagi,receptionist pria mempersulit checkin menyebalkan bertugas kapok,-1,,,,,,,,,,,,
353,DEFIORENZ A. S.,12 Jun 2021,6.1,"Hotel nya agak horor, lalu pertama kali masuk lantai kamar sangat kotor jadi hitam-hitam di kaki ",Traveloka,hotel nya agak horor lalu pertama kali masuk lantai kamar sangat kotor jadi hitamhitam di kaki , hotel nya agak horor lalu pertama kali masuk lantai kamar sangat kotor bisa hitamhitam di kaki ,hotel horor lantai kamar kotor hitamhitam,,,,,,-1,,,,,,,
128,BD,03 Des 2019,6,"Saya tinggal d kamar 1102
Malem2 ntah hewan apa berlari diatas plafon kamar berisik sekali
Karena jendela kamar menghadap tengah jam 7 ato 8 pagi sangat terganggu sama suara musiknya

Ranjangny masi ada noda

Ya sudahlah murah ga berharap bnyk jg.

",Tiket.com,saya tinggal d kamar malem ntah hewan apa berlari diatas plafon kamar berisik sekali karena jendela kamar menghadap tengah jam ato pagi sangat terganggu sama suara musiknya ranjangny masi ada noda ya sudahlah murah ga berharap bnyk jg , saya tinggal d kamar malem ntah hewan apa berlari diatas plafon kamar berisik sekali karena jendela kamar menghadap tengah jam ato pagi sangat terganggu sama suara musiknya ranjangny masi ada noda ya sudahlah murah ga berharap bnyk jg ,tinggal kamar malem ntah hewan berlari diatas plafon kamar berisik jendela kamar menghadap tengah jam ato pagi terganggu suara musiknya ranjangny masi noda murah berharap bnyk jg,,,,-1,,-1,,,,,,,
290,Raudyannisa R. I.,31 Oct 2020,6.2,Dipindahkan ke hotel sebelahnya hotel baliezO? bilangnya sih masih 1 management.,Traveloka,dipindahkan ke hotel sebelahnya hotel baliezo bilangnya sih masih management, dipindahkan ke hotel sebelahnya hotel baliezo bilangnya sih masih management,dipindahkan hotel sebelahnya hotel baliezo bilangnya management,-1,,,,,,,,,,,,
183,IH,05 Agt 2021,5.2,"Kamar kurang dirawat, kamar mandi terdapat sabun bekas pakai.",Tiket.com,kamar kurang dirawat kamar mandi terdapat sabun bekas pakai, kamar kurang dirawat kamar mandi terdapat sabun bekas pakai,kamar dirawat kamar mandi sabun bekas pakai,,,-1,,,-1,,,,,,,
151,Rois Suhandra,29 Nov 2020,4.4,"memang dilihat dari foto hotel ini bagus , tapi....

1. gang masuk hotel super horor karena tidak ada lampu sama sekali. ditambah legian yg dulunya rame sekarang mati . gang masuk bekas ruko2 tapi kosong.
2. kolam renang kotor.... ada yg renang tapi malam dan mereka ga liat kotoranya wakaka
3. kebersihan sangat kurang seperti dibiarkan
4. saya menginap 5 hari kamar tidak pernah dibersihkan, hari ke dua katanya Housekeeping tidak masuk, akirnya saya pindah ke villa....hari trakir balik ke hotel lagi kamar tetap tidak dibersihkan katanya klo mau dibersihkan request dulu. hmmm hotel apa kos kosan ya.
5. kamar sih luas tapi ya gitu....sprei dari awal kotor, handuk bau zampai saya cuci sendiri di hari pertama.",Tiket.com,memang dilihat dari foto hotel ini bagus tapi gang masuk hotel super horor karena tidak ada lampu sama sekali ditambah legian yg dulunya rame sekarang mati gang masuk bekas ruko tapi kosong kolam renang kotor ada yg renang tapi malam dan mereka ga liat kotoranya wakaka kebersihan sangat kurang seperti dibiarkan saya menginap hari kamar tidak pernah dibersihkan hari ke dua katanya housekeeping tidak masuk akirnya saya pindah ke villahari trakir balik ke hotel lagi kamar tetap tidak dibersihkan katanya klo mau dibersihkan request dulu hmmm hotel apa kos kosan ya kamar sih luas tapi ya gitusprei dari awal kotor handuk bau zampai saya cuci sendiri di hari pertama, memang dilihat dari foto hotel ini bagus tapi gang masuk hotel super horor karena tidak ada lampu sama sekali ditambah legian yg dulunya rame sekarang mati gang masuk bekas ruko tapi kosong kolam renang kotor ada yg renang tapi malam dan mereka ga liat kotoranya wakaka kebersihan sangat kurang seperti dibiarkan saya menginap hari kamar tidak pernah dibersihkan hari ke dua katanya housekeeping tidak masuk akirnya saya pindah ke villahari trakir balik ke hotel lagi kamar tetap tidak dibersihkan katanya klo mau dibersihkan request dulu hmmm hotel apa kos kosan ya kamar sih luas tapi ya gitusprei dari awal kotor handuk bau zampai saya cuci sendiri di hari pertama,hotel gang hotel horor lampu ditambah legian dulunya rame mati gang bekas ruko kosong kolam renang kotor renang malam liat kotoranya wakaka kebersihan dibiarkan kamar dibersihkan housekeeping akirnya villahari trakir hotel kamar dibersihkan klo dibersihkan request hmmm hotel kos kosan kamar luas gitusprei kotor handuk bau zampai cuci,,-1,,,,-1,1,,,-1,,,
338,Im Kustina T.,16 Sep 2020,5.4,"Hotelnya busuk banget, baru kali ini dapat hotel seburuk ini fasilitasnya, sedih banget.",Traveloka,hotelnya busuk banget baru kali ini dapat hotel seburuk ini fasilitasnya sedih banget, hotelnya busuk banget baru kali ini dapat hotel seburuk ini fasilitasnya sedih banget,hotelnya busuk hotel seburuk fasilitasnya sedih,,,,,-1,,,,,,,,
335,Ambi R. S.,19 Dec 2020,8.5,"Hotel tampak sedang renovasi, tidak ada katel pemanas air. Air hangat di kamar mandi juga tidak ada. Hanya untuk sekedar tidur di malam hari masih oke. tidak untuk staycation.",Traveloka,hotel tampak sedang renovasi tidak ada katel pemanas air air hangat di kamar mandi juga tidak ada hanya untuk sekedar tidur di malam hari masih oke tidak untuk staycation, hotel tampak sedang renovasi tidak ada katel pemanas air air hangat di kamar mandi juga tidak ada hanya untuk sekedar tidur di malam hari masih oke tidak untuk staycation,hotel renovasi katel pemanas air air hangat kamar mandi sekedar malam oke staycation,,,,,,,,,-1,,,,
333,Suwandi,01 Jan 2021,6,"Wifinya tidak ada, kemudian sabun juga sekedar saja ada di kamar mandinya dan sabun cuci tangan, Spreinya kurang bersih bantal dan guling dalamnya kelihatan jadi kelihatan spon lamanya, kurang bersih.",Traveloka,wifinya tidak ada kemudian sabun juga sekedar saja ada di kamar mandinya dan sabun cuci tangan spreinya kurang bersih bantal dan guling dalamnya kelihatan jadi kelihatan spon lamanya kurang bersih, wifinya tidak ada kemudian sabun juga sekedar saja ada di kamar mandinya dan sabun cuci tangan spreinya kurang bersih bantal dan guling dalamnya kelihatan bisa kelihatan spon lamanya kurang bersih,wifinya sabun sekedar kamar mandinya sabun cuci tangan spreinya bersih bantal guling dalamnya spon bersih,,,-1,,,-1,,,,,,,
165,MM,08 Jan 2020,4.4,"Tidak sesuai dengan foto - foto yang dipasang, kamar apek, lembab dan gelap (padahal di gambar sanghat terang dan bersih), kaca kamar mandi berkarat dan seluruh ruangan kamar tidak terurus dengan baik. Tidak bisa mempercepat check in (walaupun cuma sejam), seprei dan horden tidak bersih (seprei sudah diganti dan masih kotor, termasuk bantal dan sarungnya yang kotor).",Tiket.com,tidak sesuai dengan foto foto yang dipasang kamar apek lembab dan gelap padahal di gambar sanghat terang dan bersih kaca kamar mandi berkarat dan seluruh ruangan kamar tidak terurus dengan baik tidak bisa mempercepat check in walaupun cuma sejam seprei dan horden tidak bersih seprei sudah diganti dan masih kotor termasuk bantal dan sarungnya yang kotor, tidak sesuai dengan foto foto yang dipasang kamar apek lembab dan gelap padahal di gambar sanghat terang dan bersih kaca kamar mandi berkarat dan seluruh ruangan kamar tidak terurus dengan baik tidak bisa mempercepat check in walaupun cuma sejam seprei dan horden tidak bersih seprei sudah diganti dan masih kotor termasuk bantal dan sarungnya yang kotor,sesuai dipasang kamar apek lembab gelap gambar sanghat terang bersih kaca kamar mandi berkarat ruangan kamar terurus mempercepat sejam seprei horden bersih seprei diganti kotor bantal sarungnya kotor,,,,,-1,-1,,,,,,,
337,Arief S.,12 Dec 2020,4.8,"Air panas tidak fungsi, wastafel rusak, runjang bunyi.",Traveloka,air panas tidak fungsi wastafel rusak runjang bunyi, air panas tidak fungsi wastafel rusak runjang bunyi,air panas fungsi wastafel rusak runjang bunyi,,,,,,,,,-1,,,,
386,Ayu N.,22 Jan 2021,6,"sedikit buruk, cover toilet penuh dengan jamur, amanities bathroom tidak ada, telephone tdk tersedia, lantai kotor, diawal room saya tidak ter setup towel dan coffee tray, dan saya harus ke lobby untuk request, lebih diperbaiki lagi untuk kebersihanya...",Traveloka,sedikit buruk cover toilet penuh dengan jamur amanities bathroom tidak ada telephone tdk tersedia lantai kotor diawal room saya tidak ter setup towel dan coffee tray dan saya harus ke lobby untuk request lebih diperbaiki lagi untuk kebersihanya, sedikit buruk cover toilet penuh dengan jamur amanities bathroom tidak ada telephone tdk tersedia lantai kotor diawal room saya tidak ter setup towel dan coffee tray dan saya harus ke lobby untuk request lebih diperbaiki lagi untuk kebersihanya,cover toilet penuh jamur amanities bathroom telephone tersedia lantai kotor diawal room ter setup towel coffee tray lobby request diperbaiki kebersihanya,,,-1,,,-1,,,,,,,
323,ni putu e. s.,27 May 2021,5.7,"Channel tv pada rusak entah tv atau antena kurang bagus, amenties di kamar kurang lengkap (tisu sisa dikit di disply, sampo sisa dikit), dinding banyak mau keropos, tidak ada kulkas, kaca kamar mandi banyak karatan. Tidak bisa reschedule kalo reschedule kena biaya tambahan 50k (so bad) hal yang bagus adalah kasur besar dan AC dingin serta harga makanan murah.",Traveloka,channel tv pada rusak entah tv atau antena kurang bagus amenties di kamar kurang lengkap tisu sisa dikit di disply sampo sisa dikit dinding banyak mau keropos tidak ada kulkas kaca kamar mandi banyak karatan tidak bisa reschedule kalo reschedule kena biaya tambahan k so bad hal yang bagus adalah kasur besar dan ac dingin serta harga makanan murah, channel tv pada rusak entah tv atau antena kurang bagus amenties di kamar kurang lengkap tisu sisa dikit di disply sampo sisa dikit dinding banyak mau keropos tidak ada kulkas kaca kamar mandi banyak karatan tidak bisa reschedule kalo reschedule kena biaya tambahan k so bad hal yang bagus adalah kasur besar dan ac dingin serta harga makanan murah,channel tv rusak tv antena amenties kamar lengkap tisu sisa dikit disply sampo sisa dikit dinding keropos kulkas kaca kamar mandi karatan reschedule kalo reschedule biaya tambahan bad kasur ac dingin harga makanan murah,,,,,,-1,,,,,,,1
165,MM,08 Jan 2020,4.4,"Tidak sesuai dengan foto - foto yang dipasang, kamar apek, lembab dan gelap (padahal di gambar sanghat terang dan bersih), kaca kamar mandi berkarat dan seluruh ruangan kamar tidak terurus dengan baik. Tidak bisa mempercepat check in (walaupun cuma sejam), seprei dan horden tidak bersih (seprei sudah diganti dan masih kotor, termasuk bantal dan sarungnya yang kotor).",Tiket.com,tidak sesuai dengan foto foto yang dipasang kamar apek lembab dan gelap padahal di gambar sanghat terang dan bersih kaca kamar mandi berkarat dan seluruh ruangan kamar tidak terurus dengan baik tidak bisa mempercepat check in walaupun cuma sejam seprei dan horden tidak bersih seprei sudah diganti dan masih kotor termasuk bantal dan sarungnya yang kotor, tidak sesuai dengan foto foto yang dipasang kamar apek lembab dan gelap padahal di gambar sanghat terang dan bersih kaca kamar mandi berkarat dan seluruh ruangan kamar tidak terurus dengan baik tidak bisa mempercepat check in walaupun cuma sejam seprei dan horden tidak bersih seprei sudah diganti dan masih kotor termasuk bantal dan sarungnya yang kotor,sesuai dipasang kamar apek lembab gelap gambar sanghat terang bersih kaca kamar mandi berkarat ruangan kamar terurus mempercepat sejam seprei horden bersih seprei diganti kotor bantal sarungnya kotor,,,,,-1,-1,,,,,,,
337,Arief S.,12 Dec 2020,4.8,"Air panas tidak fungsi, wastafel rusak, runjang bunyi.",Traveloka,air panas tidak fungsi wastafel rusak runjang bunyi, air panas tidak fungsi wastafel rusak runjang bunyi,air panas fungsi wastafel rusak runjang bunyi,,,,,,,,,-1,,,,
386,Ayu N.,22 Jan 2021,6,"sedikit buruk, cover toilet penuh dengan jamur, amanities bathroom tidak ada, telephone tdk tersedia, lantai kotor, diawal room saya tidak ter setup towel dan coffee tray, dan saya harus ke lobby untuk request, lebih diperbaiki lagi untuk kebersihanya...",Traveloka,sedikit buruk cover toilet penuh dengan jamur amanities bathroom tidak ada telephone tdk tersedia lantai kotor diawal room saya tidak ter setup towel dan coffee tray dan saya harus ke lobby untuk request lebih diperbaiki lagi untuk kebersihanya, sedikit buruk cover toilet penuh dengan jamur amanities bathroom tidak ada telephone tdk tersedia lantai kotor diawal room saya tidak ter setup towel dan coffee tray dan saya harus ke lobby untuk request lebih diperbaiki lagi untuk kebersihanya,cover toilet penuh jamur amanities bathroom telephone tersedia lantai kotor diawal room ter setup towel coffee tray lobby request diperbaiki kebersihanya,,,-1,,,-1,,,,,,,
180,sutriyani darmo,18 Jan 2020,3.2,"kamar sempit dengan toilet TUB di dalam nya? WTF! jadi bingung sama review nya yg bagus dari segi mana nya??
lokasi gak bagus, breakfast buffet kisaran 20rb an /porsi, swimming pool selama 3hari nginep belum dibuka jam 8.dan lagi yg katanya staff ramah? hell no! gak satupun staff yg tersenyum waktu service.",Tiket.com,kamar sempit dengan toilet tub di dalam nya wtf jadi bingung sama review nya yg bagus dari segi mana nya lokasi gak bagus breakfast buffet kisaran rb an porsi swimming pool selama hari nginep belum dibuka jam dan lagi yg katanya staff ramah hell no gak satupun staff yg tersenyum waktu service, kamar sempit dengan toilet tub di dalam nya wtf bisa bingung sama review nya yg bagus dari segi mana nya lokasi gak bagus breakfast buffet kisaran rb an porsi swimming pool selama hari nginep belum dibuka jam dan lagi yg katanya staff ramah hell no gak satupun staff yg tersenyum waktu service,kamar sempit toilet tub wtf bingung review segi lokasi breakfast buffet kisaran rb porsi swimming pool dibuka jam staff ramah hell satupun staff tersenyum waktu service,-1,-1,-1,,,,-1,,,-1,,-1,
398,Harnawan,06 Feb 2020,6,"Toilet bau, AC bermasalah",Traveloka,toilet bau ac bermasalah, toilet bau ac bermasalah,toilet bau ac bermasalah,,,-1,,-1,,,,,,,,-1
84,AD,17 Nov 2020,4.8,"✅ Kamar luas
✅ Kamar mandi kotor dan usang
✅ TV kabel cuman 1 channel
✅ Pas dateng recepsionist sepi jd nunggu lama buat check in
✅ 2 malam nginap pas minta kamar dibersihkan, kata recepsionist ""oke baik"" tp kenyataannya ga dibersihkan sama sekali! 
✅ sepertinya memang ga sedia sarapan",Tiket.com, kamar luas kamar mandi kotor dan usang tv kabel cuman channel pas dateng recepsionist sepi jd nunggu lama buat check in malam nginap pas minta kamar dibersihkan kata recepsionist oke baik tp kenyataannya ga dibersihkan sama sekali sepertinya memang ga sedia sarapan,  kamar luas kamar mandi kotor dan usang tv kabel cuman channel pas dateng recepsionist sepi bs nunggu lama buat check in malam nginap pas minta kamar dibersihkan kata recepsionist oke baik tp kenyataannya ga dibersihkan sama sekali sepertinya memang ga sedia sarapan,kamar luas kamar mandi kotor usang tv kabel cuman channel dateng recepsionist sepi nunggu malam nginap kamar dibersihkan recepsionist oke tp kenyataannya dibersihkan sedia sarapan,-1,,-1,,,,1,,,,,-1,
201,EK,14 Des 2019,4.4,"Kmr tdk ada parkir, pdhl ditulis ada. ",Tiket.com,kmr tdk ada parkir pdhl ditulis ada , kmr tdk ada parkir pdhl ditulis ada ,kmr parkir pdhl ditulis,,,,,,,,-1,,,,,
98,DW,28 Nov 2020,6,kurang lebih jam 3 malam tv tiba2 nyala sendiri. saya matikan kemudian 1 menit kemudian nyala sendiri. saya pikir remote tv nya rusak. saya cabut batere remote tv. tp ternyata tv nya masih nyala sendiri. kok horor juga kamar nya ya..... akhir nya saya cabut connector listrik nya.  baru ga nyala sendiri. baru kali ini menginap di hotel  tv bisa nyala sendiri,Tiket.com,kurang lebih jam malam tv tiba nyala sendiri saya matikan kemudian menit kemudian nyala sendiri saya pikir remote tv nya rusak saya cabut batere remote tv tp ternyata tv nya masih nyala sendiri kok horor juga kamar nya ya akhir nya saya cabut connector listrik nya baru ga nyala sendiri baru kali ini menginap di hotel tv bisa nyala sendiri, kurang lebih jam malam tv tiba nyala sendiri saya matikan kemudian menit kemudian nyala sendiri saya pikir remote tv nya rusak saya cabut batere remote tv tp ternyata tv nya masih nyala sendiri kok horor juga kamar nya ya akhir nya saya cabut connector listrik nya baru ga nyala sendiri baru kali ini menginap di hotel tv bisa nyala sendiri,jam malam tv nyala matikan menit nyala pikir remote tv rusak cabut batere remote tv tp tv nyala horor kamar cabut connector listrik nyala hotel tv nyala,,,,-1,,,,,,,,,
94,Anna Makdalena,03 Jan 2020,4,"Kesan pertama masuk di lobby,hotel ini kusam spt sdh berumur puluhan tahun padahal hotel ini setau saya br di bangun sktr th 2013,namun sayang sekali perawatan yg kurang maksimal membuat hotel ini kusam dan kotor,semua serba berwarna hitam...sampe di toilet kamar spt tdk pernah disikat,lantai kmr mandi licin sekali,tidak pernah disikat,di meja selalu muncul semut2 kecil...saran sy buat management Alron,jika mau going concern hotel ini,lakukan maintenance terhadap hotel dan berikan training bagaimana cara membersihkan ruangan hotel,shg hotel terasa nyaman. Terima kasih.",Tiket.com,kesan pertama masuk di lobbyhotel ini kusam spt sdh berumur puluhan tahun padahal hotel ini setau saya br di bangun sktr th namun sayang sekali perawatan yg kurang maksimal membuat hotel ini kusam dan kotorsemua serba berwarna hitamsampe di toilet kamar spt tdk pernah disikatlantai kmr mandi licin sekalitidak pernah disikatdi meja selalu muncul semut kecilsaran sy buat management alronjika mau going concern hotel inilakukan maintenance terhadap hotel dan berikan training bagaimana cara membersihkan ruangan hotelshg hotel terasa nyaman terima kasih, kesan pertama masuk di lobbyhotel ini kusam spt sdh berumur puluhan tahun padahal hotel ini setau saya br di bangun sktr th namun sayang sekali perawatan yg kurang maksimal membuat hotel ini kusam dan kotorsemua serba berwarna hitamsampe di toilet kamar spt tdk pernah disikatlantai kmr mandi licin sekalitidak pernah disikatdi meja selalu muncul semut kecilsaran sy buat management alronjika mau going concern hotel inilakukan maintenance terhadap hotel dan berikan training bagaimana cara membersihkan ruangan hotelshg hotel terasa nyaman terima kasih,kesan lobbyhotel kusam spt sdh berumur puluhan tahun hotel setau br bangun sktr th perawatan maksimal hotel kusam kotorsemua serba berwarna hitamsampe toilet kamar spt disikatlantai kmr mandi licin sekalitidak disikatdi meja muncul semut kecilsaran sy management alronjika going concern hotel inilakukan maintenance hotel training membersihkan ruangan hotelshg hotel terima kasih,,,,,,-1,,,,,,,
,,,,,,,,,,,,,,,,,,,,,
,,,,,,,,,,,,,,,,,,,,,
,,,,,,,,,0,,,,,,,,,,,,
